{"cameraMode":{"drawMode":0,"name":"Shaded","section":"Shading Mode"},"sceneLighting":true,"audioPlay":false,"sceneViewState":{"showFog":true,"showMaterialUpdate":false,"showSkybox":true,"showFlares":true,"showImageEffects":true,"showParticleSystems":true},"in2DMode":false,"pivot":{"x":10.191948890686036,"y":1.3042969703674317,"z":3.6622812747955324},"rotation":{"x":0.01799691654741764,"y":0.014997211284935475,"z":-0.0002699941396713257,"w":0.9997255206108093},"size":10.84498119354248,"orthographic":true}