{"cameraMode":{"drawMode":0,"name":"Shaded","section":"Shading Mode"},"sceneLighting":true,"audioPlay":false,"sceneViewState":{"showFog":true,"showMaterialUpdate":false,"showSkybox":true,"showFlares":true,"showImageEffects":true,"showParticleSystems":true},"in2DMode":false,"pivot":{"x":-0.7799926996231079,"y":2.7834296226501467,"z":4.407501220703125},"rotation":{"x":0.0007481391658075154,"y":0.9992255568504334,"z":0.031185332685709,"w":-0.023984748870134355},"size":22.0,"orthographic":false}