{"cameraMode":{"drawMode":0,"name":"Shaded","section":"Shading Mode"},"sceneLighting":true,"audioPlay":false,"sceneViewState":{"showFog":true,"showMaterialUpdate":false,"showSkybox":true,"showFlares":true,"showImageEffects":true,"showParticleSystems":true},"in2DMode":false,"pivot":{"x":-1.2503031492233277,"y":10.039925575256348,"z":-14.17811393737793},"rotation":{"x":0.09137126058340073,"y":0.005080158356577158,"z":0.0004661381244659424,"w":-0.9958038330078125},"size":33.337371826171878,"orthographic":false}